<?xml version="1.0" encoding="UTF-8"?>
<jcr:root xmlns:sling="http://sling.apache.org/jcr/sling/1.0" xmlns:cq="http://www.day.com/jcr/cq/1.0" xmlns:jcr="http://www.jcp.org/jcr/1.0" xmlns:mix="http://www.jcp.org/jcr/mix/1.0" xmlns:nt="http://www.jcp.org/jcr/nt/1.0"
    jcr:primaryType="cq:Page">
    <jcr:content
        cq:allowedTemplates="/conf/HPIT-AEM-GLOBALNAV/settings/wcm/templates/.*"
        cq:designPath="/etc/designs/HPIT-AEM-GLOBALNAV"
        cq:deviceGroups="[/etc/mobile/groups/responsive]"
        cq:lastModified="{Date}2019-11-26T15:21:17.284+05:30"
        cq:lastModifiedBy="admin"
        cq:lastReplicated="{Date}2019-12-09T11:56:40.511+05:30"
        cq:lastReplicatedBy="admin"
        cq:lastReplicationAction="Activate"
        jcr:isCheckedOut="{Boolean}true"
        jcr:mixinTypes="[cq:ReplicationStatus,mix:versionable]"
        jcr:primaryType="nt:unstructured"
        jcr:title="HPIT-AEM-GLOBALNAV"
        jcr:uuid="d3dc61b5-0afc-459c-9762-2612a295b043"
        sling:redirect="true"
        sling:redirectStatus="{Long}302"
        sling:resourceType="foundation/components/redirect"
        redirectTarget="/content/HPIT-AEM-GLOBALNAV/en">
        <image jcr:primaryType="nt:unstructured">
            <file/>
        </image>
    </jcr:content>
    <br/>
    <ca/>
    <us/>
    <be/>
    <emea_middle_east/>
    <emea_africa/>
    <jp/>
    <kr/>
    <lamerica_nsc_cnt_amer/>
    <language-masters/>
    <mx/>
    <nl/>
    <pr/>
    <sa/>
    <uk/>
    <fr/>
</jcr:root>
