<?xml version="1.0" encoding="UTF-8"?>
<jcr:root xmlns:sling="http://sling.apache.org/jcr/sling/1.0" xmlns:cq="http://www.day.com/jcr/cq/1.0" xmlns:jcr="http://www.jcp.org/jcr/1.0" xmlns:nt="http://www.jcp.org/jcr/nt/1.0"
    jcr:primaryType="nt:unstructured"
    jcr:title="Country Selector"
    sling:resourceType="cq/gui/components/authoring/dialog">
    <content
        jcr:primaryType="nt:unstructured"
        sling:resourceType="granite/ui/components/coral/foundation/container">
        <items jcr:primaryType="nt:unstructured">
            <tabs
                jcr:primaryType="nt:unstructured"
                sling:resourceType="granite/ui/components/coral/foundation/tabs"
                maximized="{Boolean}false">
                <items jcr:primaryType="nt:unstructured">
                    <generalProperties
                        jcr:primaryType="nt:unstructured"
                        jcr:title="General"
                        sling:resourceType="granite/ui/components/coral/foundation/container"
                        margin="{Boolean}true">
                        <items jcr:primaryType="nt:unstructured">
                            <columns
                                jcr:primaryType="nt:unstructured"
                                sling:resourceType="granite/ui/components/coral/foundation/fixedcolumns"
                                margin="{Boolean}true">
                                <items jcr:primaryType="nt:unstructured">
                                    <column
                                        jcr:primaryType="nt:unstructured"
                                        sling:resourceType="granite/ui/components/coral/foundation/container">
                                        <items jcr:primaryType="nt:unstructured">
                                            <countryRegionTitle
                                                jcr:primaryType="nt:unstructured"
                                                sling:resourceType="granite/ui/components/coral/foundation/form/textfield"
                                                emptyText="Enter the Country Region Title "
                                                fieldLabel="Country Region Title"
                                                name="./countryRegionTitle"
                                                required="true"/>
                                            <countryRegionToolTipText
                                                jcr:primaryType="nt:unstructured"
                                                sling:resourceType="granite/ui/components/coral/foundation/form/textfield"
                                                emptyText="Enter the Country Region Tool Tip Text"
                                                fieldLabel="Country Region Tool Tip Text"
                                                name="./countryRegionToolTipText"
                                                required="true"/>
                                            <countryRegionHeading
                                                jcr:primaryType="nt:unstructured"
                                                sling:resourceType="granite/ui/components/coral/foundation/form/textfield"
                                                emptyText="Enter the Country Region Heading"
                                                fieldLabel="Country Region Heading"
                                                name="./countryRegionHeading"
                                                required="true"/>
                                            <worldMapImage
                                                jcr:primaryType="nt:unstructured"
                                                sling:resourceType="granite/ui/components/coral/foundation/form/pathfield"
                                                emptyText="Select the World Map Image"
                                                fieldLabel="World Map Image"
                                                name="./worldMapImage"
                                                required="true"
                                                rootPath="/content/dam/hpit-aem-globalnav"/>
                                            <homePageUrl
                                                jcr:primaryType="nt:unstructured"
                                                sling:resourceType="granite/ui/components/coral/foundation/form/pathfield"
                                                emptyText="URL for Country Home Page"
                                                fieldLabel="Home Page URL"
                                                name="./homePageUrl"/>
                                        </items>
                                    </column>
                                </items>
                            </columns>
                        </items>
                    </generalProperties>
                    <regionMobile
                        jcr:primaryType="nt:unstructured"
                        jcr:title="Regions Labels for Mobile"
                        sling:resourceType="granite/ui/components/coral/foundation/container"
                        margin="{Boolean}true">
                        <items jcr:primaryType="nt:unstructured">
                            <columns
                                jcr:primaryType="nt:unstructured"
                                sling:resourceType="granite/ui/components/coral/foundation/fixedcolumns"
                                margin="{Boolean}true">
                                <items jcr:primaryType="nt:unstructured">
                                    <column
                                        jcr:primaryType="nt:unstructured"
                                        sling:resourceType="granite/ui/components/coral/foundation/container">
                                        <items jcr:primaryType="nt:unstructured">
                                            <multi
                                                jcr:primaryType="nt:unstructured"
                                                sling:resourceType="granite/ui/components/coral/foundation/form/multifield"
                                                composite="{Boolean}true"
                                                fieldLabel="Add Items">
                                                <field
                                                    jcr:primaryType="nt:unstructured"
                                                    sling:resourceType="granite/ui/components/coral/foundation/form/fieldset"
                                                    acs-commons-nested=""
                                                    name="./mobileRegionList">
                                                    <items jcr:primaryType="nt:unstructured">
                                                        <column
                                                            jcr:primaryType="nt:unstructured"
                                                            sling:resourceType="granite/ui/components/coral/foundation/container">
                                                            <items jcr:primaryType="nt:unstructured">
                                                                <regionKey
                                                                    jcr:primaryType="nt:unstructured"
                                                                    sling:resourceType="granite/ui/components/coral/foundation/form/textfield"
                                                                    emptyText="Enter the region key"
                                                                    fieldLabel="Region Key"
                                                                    name="./regionKey"/>
                                                                <regionValue
                                                                    jcr:primaryType="nt:unstructured"
                                                                    sling:resourceType="granite/ui/components/coral/foundation/form/textfield"
                                                                    emptyText="Enter the region value"
                                                                    fieldLabel="Region Value"
                                                                    name="./regionValue"/>
                                                            </items>
                                                        </column>
                                                    </items>
                                                </field>
                                            </multi>
                                        </items>
                                    </column>
                                </items>
                            </columns>
                        </items>
                    </regionMobile>
                    <accessibilityProperties
                        jcr:primaryType="nt:unstructured"
                        jcr:title="Accessibility Labels"
                        sling:resourceType="granite/ui/components/coral/foundation/container"
                        margin="{Boolean}true">
                        <items jcr:primaryType="nt:unstructured">
                            <columns
                                jcr:primaryType="nt:unstructured"
                                sling:resourceType="granite/ui/components/coral/foundation/fixedcolumns"
                                margin="{Boolean}true">
                                <items jcr:primaryType="nt:unstructured">
                                    <column
                                        jcr:primaryType="nt:unstructured"
                                        sling:resourceType="granite/ui/components/coral/foundation/container">
                                        <items jcr:primaryType="nt:unstructured">
                                            <closeCountryDailog
                                                jcr:primaryType="nt:unstructured"
                                                sling:resourceType="granite/ui/components/coral/foundation/form/textfield"
                                                emptyText="Enter the Close Country Dailog Text"
                                                fieldLabel="Close Country Dailog Text"
                                                name="./closeCountryDailog"
                                                required="true"/>
                                            <endOfContent
                                                jcr:primaryType="nt:unstructured"
                                                sling:resourceType="granite/ui/components/coral/foundation/form/textfield"
                                                emptyText="Enter the End of Content Text"
                                                fieldLabel="End of Content Text"
                                                name="./endOfContent"
                                                required="true"/>
                                            <closeCountry
                                                jcr:primaryType="nt:unstructured"
                                                sling:resourceType="granite/ui/components/coral/foundation/form/textfield"
                                                emptyText="Enter the Close Country Selector Text"
                                                fieldLabel="Close Country Text"
                                                name="./closeCountry"
                                                required="true"/>
                                            <selected
                                                jcr:primaryType="nt:unstructured"
                                                sling:resourceType="granite/ui/components/coral/foundation/form/textfield"
                                                emptyText="Enter the Selected Text"
                                                fieldLabel="Selected Text"
                                                name="./selected"
                                                required="true"/>
                                            <hpWorldWide
                                                jcr:primaryType="nt:unstructured"
                                                sling:resourceType="granite/ui/components/coral/foundation/form/textfield"
                                                emptyText="Enter the HP World Wide Text"
                                                fieldLabel="HP World Wide Text"
                                                name="./hpWorldWide"
                                                required="true"/>
                                            <popUpBegin
                                                jcr:primaryType="nt:unstructured"
                                                sling:resourceType="granite/ui/components/coral/foundation/form/textfield"
                                                emptyText="Enter the Pop Up Begin Text"
                                                fieldLabel="Pop Up Begin Text"
                                                name="./popUpBegin"
                                                required="true"/>
                                            <clickOrUseTab
                                                jcr:primaryType="nt:unstructured"
                                                sling:resourceType="granite/ui/components/coral/foundation/form/textfield"
                                                emptyText="Enter the Click or Use Tab Text"
                                                fieldLabel="Click or Use Tab"
                                                name="./clickOrUseTab"
                                                required="true"/>
                                            <popUpEnd
                                                jcr:primaryType="nt:unstructured"
                                                sling:resourceType="granite/ui/components/coral/foundation/form/textfield"
                                                emptyText="Enter the Pop Up End Text"
                                                fieldLabel="Pop Up End Text"
                                                name="./popUpEnd"
                                                required="true"/>
                                        </items>
                                    </column>
                                </items>
                            </columns>
                        </items>
                    </accessibilityProperties>
                </items>
            </tabs>
        </items>
    </content>
</jcr:root>
