<?xml version="1.0" encoding="UTF-8"?>
<jcr:root xmlns:sling="http://sling.apache.org/jcr/sling/1.0" xmlns:cq="http://www.day.com/jcr/cq/1.0" xmlns:jcr="http://www.jcp.org/jcr/1.0" xmlns:mix="http://www.jcp.org/jcr/mix/1.0" xmlns:nt="http://www.jcp.org/jcr/nt/1.0"
    jcr:primaryType="cq:Page">
    <jcr:content
        cq:lastModified="{Date}2019-11-27T13:03:29.139+05:30"
        cq:lastModifiedBy="admin"
        cq:template="/conf/HPIT-AEM-GLOBALNAV/settings/wcm/templates/hp-header-and-footer"
        jcr:isCheckedOut="{Boolean}true"
        jcr:mixinTypes="[mix:versionable]"
        jcr:primaryType="cq:PageContent"
        jcr:title="Language Masters"
        jcr:uuid="01f2e4eb-1609-4c58-a9fa-2f2352eaeaa8"
        sling:resourceType="HPIT-AEM-GLOBALNAV/proxy/components/structure/page-core">
        <root
            jcr:lastModified="{Date}2019-06-20T18:28:04.958+05:30"
            jcr:lastModifiedBy="admin"
            jcr:primaryType="nt:unstructured"
            sling:resourceType="wcm/foundation/components/responsivegrid"/>
    </jcr:content>
    <en/>
    <north-america/>
    <latin-america/>
    <uk-ireland/>
    <central-europe/>
    <northern-europe/>
    <southern-europe/>
    <greater-china/>
    <india/>
    <international-sales-entity/>
    <greater-asia/>
</jcr:root>
